CountryName,year,StringencyIndex,Camas_hosp,Cred_pob,Robustez_ins,densidad_pob,pob_65mayor,P10lees,Prime_risk,CDS,Defaul_spred,exs_morta,edu_terciaria,Crecimiento2,Continente,Decesos,muertes,infections,Contagios,Pib_per_prctg,Pob_extrem
Albania,2019,0,2.89,29,0.5519,104.1675547,15.35055266,30.71,,,,,,2.523893723,0,,,0,0,,
Albania,2020,66.22225092,2.89,29,0.5511,103.5711314,15.82211268,35.04105701,6.61,410,1.5,54.6,0.12,-3.398708468,0,1170,1084,58316,58316,-2.925820957,1.8
Albania,2021,54.63,2.89,29,0.553,104.871,16.23424096,32.8755285,3.78,370,1.2,39.88,0.13,9.554875334,0,3212,5305,210224,210224,9.554875334,1.9
Albania,2022,51.39046296,2.89,29,0.5109,104.871,16.23424096,33.95829276,6.29,330,1,-22.05,0.13,3.5,0,3596,2790,276221,276221,3.5,2
Angola,2019,0,10.7,10.4,0.1059,23.89,2.405,86.0348163,,,,,,-3.868559124,1,,,0,0,,
Angola,2020,65.74,10.7,10.4,0.1526,23.89,2.405,87.36799095,9.56,750,10.4,17,0.02,-8.39,1,405,1572,17553,17553,-8.493086121,40
Angola,2021,71.51,10.7,10.4,0.1654,23.89,2.405,86.70140362,6.29,900,12.1,22,0.02,-2.46740355,1,1757,2298,81593,81593,-2.46740355,41
Angola,2022,28.23,10.7,10.4,0.185,23.89,2.405,87.03469728,9.09,1050,13.8,10.2,0.03,2.5,1,1930,5085,105095,105095,3.8,42
Argentina,2019,0,5,33.4,0.4029,16.177,11.198,22.06729869,,,,,,-2.994387889,2,,,0,0,,2
Argentina,2020,79.17,5,33.4,0.4364,16.177,11.198,27.02765421,17.63,1500,7.7,17.97,0.25,-10.76,2,48271,127473,1625514,1625514,-10.76510773,2.1
Argentina,2021,40.31,5,33.4,0.4147,16.177,11.198,24.54747645,10.07,1800,12.3,17.6,0.28,9.223955571,2,118176,122263,5654408,5654408,9.223955571,2.2
Argentina,2022,14.38,5,33.4,0.372,16.177,11.198,25.78756533,16.78,2100,14.2,17,0.3,2,2,130124,116181,9891139,9891139,4,3.9
Armenia,2019,0,4.2,18.1,0.5501,102.931,11.3,80.66388205,,,,,,7.38219728,3,,,0,0,,
Armenia,2020,59.2,4.2,18.1,0.6235,102.931,11.7,82.75014816,5.29,450,1.4,89.69,0.2,-7.572060526,3,2823,4385,11376,11376,-7.5,2.5
Armenia,2021,45,4.2,18.1,0.6624,102.931,12.1,81.70701511,3.02,550,1.6,21.21,0.22,5.525716479,3,7972,4596,252638,252638,4.6,2.6
Armenia,2022,25.7,4.2,18.1,0.6556,102.931,12.5,82.22858163,5.29,650,1.8,-2.4,0.24,4,3,8716,5194,196510,196510,3.2,2.7
Australia,2019,0,3.84,93.2,0.9238,3.202,15.504,1.370935879,,,,,,0.571102988,4,,,0,0,,
Australia,2020,70.83,3.84,93.2,0.9318,3.202,15.504,1.431692625,2.5,45,0.8,10.2,0.5,-1.254598269,4,920,2045,28425,28425,-1.278526283,0.1
Australia,2021,47.16,3.84,93.2,0.9317,3.202,15.504,1.401314252,2.7,40,0.9,6.8,0.53,1.293854563,4,2429,5309,425496,425496,1.293854563,0.1
Australia,2022,22.22,3.84,93.2,0.9207,3.202,15.504,1.416503438,2.9,35,1,12.67,0.55,3,4,17816,4374,11131707,11131707,2.5,0.1
Austria,2019,0,7.37,94.2,0.8798,106.749,19.202,1.197411839,,,,,,1.04090812,0,,,0,0,2.8,
Austria,2020,82.41,7.37,94.2,0.8933,106.749,19.202,1.267214919,0.58,30,0.1,14.7,0.45,-7.12,0,7380,11906,356063,356063,-7.120927967,0.2
Austria,2021,43.75,7.37,94.2,0.8926,106.749,19.202,1.232313379,1,25,0.2,11.2,0.48,4.024153735,0,16684,18169,1270811,1270811,4.024153735,0.2
Austria,2022,35.19,7.37,94.2,0.9143,106.749,19.202,1.249764149,1.5,20,0.3,21.24,0.5,2.5,0,21508,16762,5705093,5705093,2.8,0.2
Barbados,2019,0,5.8,78.3,0.5852,651.5813953,14.62401782,,,,,,,-0.74220746,5,,,0,0,,
Barbados,2020,45.27762295,5.8,78.3,0.6052,652.7744186,15.15623831,16.18,11.02,250,0.5,7.97,0.25,-19.07818762,5,7,18,383,383,-14.08611503,0.5
Barbados,2021,64.53731507,5.8,78.3,0.5839,664.463,15.71553292,15.7,6.29,300,0.7,40.23,0.28,1.281227495,5,260,18,28565,28565,1.281227495,0.6
Barbados,2022,64.81,5.8,78.3,0.6688,664.463,15.71553292,14.6,10.48,350,0.9,18.55,0.3,3,5,568,18,80846,80846,5.2,0.7
Benin,2019,0,0.5,10.4,0.3632,108.9964881,3.090360283,,,,,,,4.003089135,1,,,0,0,,
Benin,2020,37.83986339,0.5,10.4,0.3392,112.1241841,3.088861035,94.42877835,8.09,500,1,3.9,0.03,1.090098527,1,44,2420,3251,3251,1.090098527,60
Benin,2021,39.81,0.5,10.4,0.3178,99.11,3.076384783,93.85,3.78,600,1.2,10.05,0.04,3.79324564,1,161,2779,24935,24935,3.79324564,61
Benin,2022,46.96851064,0.5,10.4,0.3674,99.11,3.076384783,94.13938917,6.29,700,1.4,6.7,0.04,2,1,163,3415,26952,26952,3.8,62
Bolivia,2019,0,1.1,16.7,0.2456,10.87170221,6.7,29.98923133,,,,,,0.796515958,2,,,0,0,,
Bolivia,2020,81.48,1.1,16.7,0.2465,11.01833472,6.7,31.8739785,6.61,350,1.5,13.69,0.09,-10.07858035,2,9135,19967,160124,160124,-9.988226181,30
Bolivia,2021,33.06345205,1.1,16.7,0.2522,10.202,6.7,30.93160491,4.62,400,1.7,7.89,0.1,4.671919932,2,19650,21036,599753,599753,4.671919932,31
Bolivia,2022,34.08892473,1.1,16.7,0.2345,10.202,6.7,31.40279171,7.69,450,1.9,45,0.11,4,2,22291,22583,909372,909372,4.2,32
Brasil,2019,0,2.2,40.1,0.3943,25.04,8.552,39.75958839,,,,,,0.462903687,2,,,0,0,,
Brasil,2020,64.35,2.2,40.1,0.394,25.04,8.552,34.41106847,4.41,150,3.53,23.94,0.2,-4.740553195,2,192681,664499,7681032,7681032,-4.561462507,20
Brasil,2021,61.57,2.2,40.1,0.4226,25.04,8.552,37.08532843,2.52,200,2.48,15.83,0.22,3.918336589,2,618817,662175,22291839,22291839,3.918336589,21
Brasil,2022,22.59,2.2,40.1,0.4223,25.04,8.552,35.74819845,4.21,250,3.53,8.04,0.24,1.5,2,693734,659659,36331281,36331281,2.5,22
Bulgaria,2019,0,7.454,34.6,0.6354,64.25719418,22.26512605,13.65727494,,,,,,4.772502064,0,,,0,0,,
Bulgaria,2020,40.3518306,7.454,34.6,0.6279,63.87265107,22.42111107,14.14121975,2.23,125,2.8,15.9,0.15,-3.811515942,0,7515,33021,202266,202266,-3.811515942,1
Bulgaria,2021,50,7.454,34.6,0.6409,65.18,22.42111107,13.89924735,1.34,150,1.32,12.11,0.16,4.704718077,0,30890,35158,748184,748184,4.704718077,1.1
Bulgaria,2022,41.59638298,7.454,34.6,0.6177,65.18,22.42111107,14.02023355,2.23,175,1.92,18.2,0.17,2,0,38106,37204,1165356,1165356,2.1,1.2
Burkina Faso,2019,0,0.4,16.6,0.3805,76.57762792,2.565269476,92.87156883,,,,,,2.724072125,1,,,0,0,,
Burkina Faso,2020,22.22,0.4,16.6,0.3841,78.66456871,2.561413742,90.67374745,2.8,750,2.23,8.11,0.01,-0.907160523,1,85,1033,6707,6707,-0.907160523,80
Burkina Faso,2021,18.76013699,0.4,16.6,0.3627,70.151,2.547206289,91.77265814,4.62,800,4.55,13.6,0.01,3.953244476,1,318,1129,17632,17632,3.953244476,81
Burkina Faso,2022,12.60351852,0.4,16.6,0.3795,70.151,2.547206289,91.2232028,10.48,850,8.99,14.9,0.01,2.5,1,395,1223,20899,20899,3.4,82
Canada,2019,0,2.5,93.5,0.934,4.193949311,17.5606627,1.249204357,,,,,,0.426917853,5,,,0,0,,
Canada,2020,48.92825137,2.5,93.5,0.9314,4.242576785,18.0184266,1.248883892,1.5,25,0.8,1.3,0.6,-6.31922237,5,15274,38222,590249,590249,-6.31922237,0.1
Canada,2021,70.83,2.5,93.5,0.9334,4.037,18.52128365,1.249044124,1.7,30,0.9,11.37,0.63,3.991761062,5,29958,39218,2256747,2256747,3.991761062,0.1
Canada,2022,40.5411828,2.5,93.5,0.9228,4.037,18.52128365,1.248964008,1.9,35,1,3.2,0.65,2.5,5,49457,40258,3889378,3889378,3.3,0.1
Cape Verde,2019,0,2.1,26.34,0.5443,143.1836228,5.30153952,,,,,,,4.481830156,1,,,0,0,,
Cape Verde,2020,58.25950685,2.1,26.34,0.6033,144.5756824,5.368409309,40,6.46,300,8.09,2.5,0.15,-15.71099847,1,112,15,11840,11840,-15.71099847,10
Cape Verde,2021,54.63,2.1,26.34,0.6097,135.58,5.440659948,38,5.46,350,5.37,16.5,0.17,5.826966039,1,352,15,42463,42463,5.826966039,11
Cape Verde,2022,57.06304348,2.1,26.34,0.6535,135.58,5.440659948,36,9.09,400,7.8,2.7,0.18,3,1,412,15,56384,56384,5.6,12
Chad,2019,0,2.8,1.1,0.091,11.833,2.4,,,,,,,0.209664512,1,,,0,0,,
Chad,2020,61.11,2.8,1.1,0.1055,11.833,2.4,80,"6,5",1000,2.5,3,0.02,-3.835675153,1,105,1265,2113,2113,-4.46934426,85
Chad,2021,13.89,2.8,1.1,0.1113,11.833,2.4,82,7.5,1200,3,10.5,0.03,-4.056963406,1,181,1355,5703,5703,-4.056963406,86
Chad,2022,13.89,2.8,1.1,0.1103,11.833,2.4,84,8,1400,3.5,3.5,0.03,3.5,1,194,1443,7650,7650,4.6,87
Chile,2019,0,2.11,72.7,0.8083,25.60681316,12.12540643,20.40961192,,,,,,-0.414485105,2,,,0,0,,
Chile,2020,62.66969945,2.11,72.7,0.8214,25.95761178,12.3955778,20.5499954,1.03,100,0.83,,0.2,-6.785702733,2,16499,57098,608973,608973,-6.785702733,2
Chile,2021,41.2,2.11,72.7,0.8175,24.282,12.68114248,20.47980366,0.59,125,0.58,20.74,0.22,11.10935355,2,39096,56257,1808398,1808398,11.10935355,2.1
Chile,2022,31.6228972,2.11,72.7,0.8128,24.282,12.68114248,20.51489953,1.03,150,0.83,,0.24,2.5,2,63149,55391,3710521,3710521,3.7,2.2
Colombia,2019,0,1.71,47.5,0.5123,45.23425507,8.204019269,51.84074641,,,,,,1.796283366,2,,,0,0,,
Colombia,2020,63.19469945,1.71,47.5,0.5088,45.90415683,8.472310762,60.74421118,2.8,150,2.23,14.2,0.1,-8.040898507,2,42620,137597,1642775,1642775,-8.040898507,15
Colombia,2021,61.58934247,1.71,47.5,0.5211,44.223,8.71970649,56.29247879,1.6,175,1.57,13,0.11,9.73738238,2,129866,136500,5169855,5169855,9.73738238,16
Colombia,2022,52.78,1.71,47.5,0.4722,44.223,8.71970649,58.51834499,2.63,200,2.28,113.48,0.12,3,2,142179,135381,6103455,6103455,3.9,17
Costa Rica,2019,0,1.13,59.3,0.7436,99.57955347,9.885492892,27.16227989,,,,,,1.441173774,2,,,0,0,,
Costa Rica,2020,54.38663934,1.13,59.3,0.726,100.334998,10.21832463,34.8877953,8.09,250,6.46,12.7,0.2,-4.927747219,2,2156,8012,169321,169321,-4.927747219,2
Costa Rica,2021,49.4237931,1.13,59.3,0.7338,96.079,10.5302877,31.0250376,4.55,350,4.62,11.5,0.22,6.638824255,2,7354,9005,570556,570556,6.638824255,2.1
Costa Rica,2022,44.44,1.13,59.3,0.7594,96.079,10.5302877,32.95641645,6.6,400,7.69,-1.2,0.24,3.5,2,9085,10001,904934,904934,4.1,2.2
Croatia,2019,0,5.54,52.1,0.6022,72.64050104,21.10572513,6.055915451,,,,,,4.056979224,0,,,0,0,,
Croatia,2020,54.63,5.54,52.1,0.6337,72.33166548,21.570897,6.705492685,4.41,200,3.53,4.25,0.2,-7.700776427,0,3860,10839,210837,210837,-7.700776427,0.5
Croatia,2021,42.89994505,5.54,52.1,0.6365,73.726,21.97091698,6.380704068,2.6,250,2.1,10.8,0.22,14.66060324,0,12493,11165,720538,720538,14.66060324,0.6
Croatia,2022,37.15709677,5.54,52.1,0.6318,73.726,21.97091698,6.543098377,3,300,3.5,9.7,0.24,2.5,0,17583,11489,1137192,1137192,2.7,0.7
Czech Republic,2019,0,6.63,74.3,0.8183,138.2268103,19.82028156,1.072447662,,,,,,2.624557435,0,,,0,0,,
Czech Republic,2020,44.77726776,6.63,74.3,0.806,138.5759288,20.16489295,0.990764409,0.84,150,0.72,8.4,0.3,-6.026656549,0,11889,35052,718661,718661,-6.026656549,0.2
Czech Republic,2021,40.74,6.63,74.3,0.8024,137.176,20.45258804,1.031606035,2.1,200,2.6,-2.17,0.33,3.288700409,0,36332,36260,2480736,2480736,3.288700409,0.2
Czech Republic,2022,43.8536,6.63,74.3,0.8092,137.176,20.45258804,1.011185222,0.71,250,0.89,12.2,0.35,3,0,42149,37445,3920550,3920550,2.6,0.3
Denmark,2019,0,2.5,87.1,0.961,136.52,19.677,0.54157809,,,,,,1.749614095,0,,,0,0,,
Denmark,2020,51.85,2.5,87.1,0.9616,136.52,19.677,0.776381656,1.5,50,0.9,6.7,0.35,-2.347336032,0,1256,3449,163479,163479,3.2,0.1
Denmark,2021,31.5,2.5,87.1,0.9719,136.52,19.677,0.658979873,1.75,75,0.8,8.6,0.38,4.240658413,0,3256,3603,802397,802397,3.7,0.1
Denmark,2022,11.11,2.5,87.1,0.9694,136.52,19.677,0.717680764,2,100,0.7,6.68,0.4,2.5,0,7782,3754,3385836,3385836,3.2,0.1
Dominican Republic,2019,0,1.6,43.2,0.4728,225.2511281,6.760222783,40.48485469,,,,,,3.958404175,5,,,0,0,,
Dominican Republic,2020,75,1.6,43.2,0.4629,227.6891741,6.964985793,46.2622304,5.29,400,4.22,34.27,0.12,-7.657060908,5,2409,4712,170785,170785,-7.657060908,9
Dominican Republic,2021,60.69613699,1.6,43.2,0.4948,222.873,7.168119875,43.37354255,3.02,500,2.97,15,0.14,11.18747229,5,4246,5080,419927,419927,11.18747229,10
Dominican Republic,2022,22.52770833,1.6,43.2,0.5191,222.873,7.168119875,44.81788648,5.03,600,4.31,16.9,0.15,2,5,4384,5445,584029,584029,4.4,11
Ecuador,2019,0,1.5,35.3,0.2949,69.83306491,7.409863518,47.00950984,,,,,,-1.653249634,2,,,0,0,,
Ecuador,2020,58.91112022,1.5,35.3,0.3432,70.81895233,7.544158372,54.48448855,14.69,450,11.73,10.9,0.1,-9.195656221,2,14023,35475,212512,212512,-8.1,10
Ecuador,2021,65.28,1.5,35.3,0.3622,66.939,7.642072697,50.74699919,8.39,550,8.26,96.37,0.12,2.805236029,2,33669,36623,551620,551620,3.7,11
Ecuador,2022,63.3891,1.5,35.3,0.3623,66.939,7.642072697,52.61574387,13.98,650,12,14.7,0.13,3,2,35948,37758,878196,878196,4.3,12
El Salvador,2019,0,2.8,36,0.4697,307.811,8.273,50.66668338,,,,,,1.862065946,2,,,0,0,,
El Salvador,2020,47.22,2.8,36,0.4431,307.811,8.273,51.64121362,9.56,200,7.63,15.3,0.1,-9.041506281,2,1327,1875,46242,46242,-2.9,15
El Salvador,2021,46.3,2.8,36,0.468,307.811,8.273,51.1539485,5.46,250,5.37,10.5,0.12,10.25185314,2,3823,1975,121945,121945,2.7,16
El Salvador,2022,26.85,2.8,36,0.432,307.811,8.273,51.39758106,13.98,300,12,19.1,0.13,3.5,2,4230,2075,201785,201785,3.7,17
France,2019,0,5.98,74.3,0.7998,123.0702941,20.67632521,0.312142501,,,,,,1.620358453,0,,,0,0,,
France,2020,54.29311475,5.98,74.3,0.814,123.4046994,21.00954771,0.325675611,2,50,0.58,7.4,0.4,-8.034379209,0,64004,180799,2677660,2677660,-8.034379209,0.3
France,2021,64.54956164,5.98,74.3,0.8128,122.578,21.32325522,0.318909056,2.25,75,0.41,9.3,0.43,6.774306811,0,120962,179636,10237147,10237147,6.774306811,0.4
France,2022,23.15,5.98,74.3,0.8075,122.578,21.32325522,0.322292334,2.5,100,0.59,10.39,0.45,2,0,158318,178460,30327726,30327726,2.9,0.5
Gambia,2019,0,1.1,28.3,0.3038,207.566,2.339,92.96270178,,,,,,3.16329441,1,,,0,0,,
Gambia,2020,45.37,1.1,28.3,0.3553,207.566,2.339,92.79452002,9.56,750,1.5,15.2,0.02,-3.063275248,1,124,168,3797,3797,-3.04991461,60
Gambia,2021,13.89,1.1,28.3,0.3707,207.566,2.339,92.8786109,7.75,850,1.7,17.5,0.03,2.641827246,1,343,180,10170,10170,2.641827246,61
Gambia,2022,13.89,1.1,28.3,0.4188,207.566,2.339,92.83656546,7.25,950,1.2,14.5,0.03,2.5,1,372,190,12586,12586,4.8,62
Georgia,2019,0,2.6,34.5,0.7279,65.08556982,14.39327169,76.55945392,,,,,,5.162618817,3,,,0,0,,
Georgia,2020,55.56,2.6,34.5,0.7401,65.13027048,14.50160014,81.12236318,4.41,150,3.53,13.79,0.25,-6.824432632,3,2505,6783,227420,227420,-6.824432632,1.5
Georgia,2021,55.19156164,2.6,34.5,0.7413,65.032,14.55674325,78.84090855,2.52,200,2.48,22.6,0.28,10.77870188,3,13800,7052,936844,936844,10.77870188,1.6
Georgia,2022,42.0456,2.6,34.5,0.7024,65.032,14.55674325,79.98163587,4.21,250,3.61,24.9,0.3,4,3,16903,7318,1655221,1655221,3.1,1.7
Germany,2019,0,8,77.4,0.912,237.8229543,21.7302904,0.745610339,,,,,,0.827864779,0,,,0,0,,
Germany,2020,51.81278689,8,77.4,0.9188,238.0173188,21.96373441,0.746364014,1,50,0.8,12.4,0.35,-4.647544976,0,50435,127239,1719737,1719737,-4.647544976,0.2
Germany,2021,54.63,8,77.4,0.9192,237.016,22.17026552,0.745987176,1.25,75,0.7,7.97,0.38,2.93169775,0,118402,128186,7176814,7176814,2.93169775,0.2
Germany,2022,73.12280374,8,77.4,0.9096,237.016,22.17026552,0.746175595,1.5,100,0.6,-3.14,0.4,2.5,0,165397,129120,26409455,26409455,2.8,0.3
Ghana,2019,0,0.9,26.4,0.4831,138.5351587,3.332054873,90.1971207,,,,,,4.229181264,1,,,0,0,,
Ghana,2020,38.89,0.9,26.4,0.5025,141.4317967,3.405507542,90.11618829,7.63,450,9.56,10.8,0.06,-1.605116474,1,335,4487,54771,54771,-1.605116474,40
Ghana,2021,42.40906849,0.9,26.4,0.5106,126.719,3.476763941,90.15665449,5.46,550,5.37,20,0.07,3.167869583,1,1306,4630,143997,143997,3.167869583,41
Ghana,2022,43.52,0.9,26.4,0.5473,126.719,3.476763941,90.13642139,10.48,650,8.99,22.3,0.08,3,1,1461,4771,161481,161481,3.5,42
Granada,2019,0,3.7,18.4,0.4726,317.132,7.304,,,,,,,0.178625591,5,,,0,0,,
Granada,2020,67.5,3.7,18.4,0.449,317.132,7.304,30,3,150,2.2,4.2,0.1,-14.10422464,5,12,12,"1,157",127,-14.15180213,10
Granada,2021,42.5,3.7,18.4,0.4674,317.132,7.304,25,3.5,200,2.5,17.1,0.12,4.854113223,5,200,12,"2,773",6181,4.854113223,11
Granada,2022,29.38,3.7,18.4,0.4674,317.132,7.304,20,4,250,2.8,2.5,0.13,2.5,5,238,12,"3,456",19644,5.8,12
Guyana,2019,0,1.6,14.8,0.4289,4.057673355,5.847990555,,,,,,,4.845497408,2,,,0,0,,
Guyana,2020,13.89,1.6,14.8,0.4375,4.04979426,6.047087187,82.32996169,4,350,2,12.5,0.1,42.78930049,2,164,589,6332,6332,42.78930049,40
Guyana,2021,59.75572603,1.6,14.8,0.449,3.952,6.164558079,82.05307131,4.5,450,2.8,13.1,0.12,19.35515616,2,1051,1021,39779,39779,19.35515616,41
Guyana,2022,61.2527551,1.6,14.8,0.4463,3.952,6.164558079,82.1915165,5,550,3.6,9.4,0.13,3.5,2,1286,811,64969,64969,4.9,42
Honduras,2019,0,0.7,20.1,0.3374,,4.652,64.96419932,,,,,,0.98266168,2,,,0,0,,
Honduras,2020,84.26,0.7,20.1,0.3164,,4.652,64.96419932,5.28,150,6.61,12.2,0.07,-10.42150115,2,3111,10681,121827,121827,-10.42150115,25
Honduras,2021,65.02,0.7,20.1,0.3105,,4.652,64.96419932,3.78,200,3.72,11.3,0.08,10.76287114,2,10434,11011,379402,379402,10.76287114,26
Honduras,2022,23.15,0.7,20.1,0.3192,,4.652,64.96419932,6.29,250,5.4,13.4,0.09,2.5,2,11071,11339,465915,465915,4,27
Hungary,2019,0,7.02,69.8,0.6518,107.0692636,19.61258297,5.540141613,,,,,,4.601390464,0,,,0,0,,
Hungary,2020,48.47893443,7.02,69.8,0.6451,106.8392395,20.09745582,6.317654425,3.23,50,2.58,10.4,0.2,-4.257530879,0,9537,41439,322514,322514,-4.257530879,0.5
Hungary,2021,48.04687671,7.02,69.8,0.6397,108.043,20.41988361,5.928898019,1.85,75,1.82,14.1,0.22,7.540698898,0,39186,42750,1256415,1256415,7.540698898,0.6
Hungary,2022,11.11,7.02,69.8,0.6384,108.043,20.41988361,6.123276222,2.66,100,2.28,7.21,0.24,2.5,0,48495,44049,1919840,1919840,2.5,0.7
Iceland,2019,0,2.91,89.7,0.8778,3.575949618,14.30782941,0.23683303,,,,,,0.206935275,0,,,0,0,,
Iceland,2020,39.40199454,2.91,89.7,0.9064,3.634463949,14.57186182,0.244222041,1.25,75,1,14.2,0.35,-8.00918541,0,31,293,5754,5754,6.5,0.1
Iceland,2021,32.41,2.91,89.7,0.8934,3.404,14.92554039,0.240527535,0.71,100,0.7,-24.88,0.38,2.07533548,0,39,315,27059,27059,5.8,0.1
Iceland,2022,25.5741,2.91,89.7,0.9155,3.404,14.92554039,0.242374788,1.18,125,1.02,15.4,0.4,2.5,0,250,336,188291,188291,3.6,0.1
Irak,2019,0,1.4,18.7,0.1103,,3.186,,,,,,,3.161969237,3,,,0,0,,
Irak,2020,53.7,1.4,18.7,0.1013,,3.186,54.81074678,11.02,500,8.8,15.4,0.1,-17.58660744,3,12808,25508,595291,595291,-10.6,20
Irak,2021,75.93,1.4,18.7,0.1117,,3.186,54.73849923,6.29,600,6.19,25.3,0.12,0.395050371,3,24154,2650,2093740,2093740,2.8,21
Irak,2022,16.67,1.4,18.7,0.1422,,3.186,54.77462301,10.49,700,8.99,17.8,0.13,3.5,3,25374,2750,2465107,2465107,3.2,22
Ireland,2019,0,2.96,69.1,0.9082,71.62636087,14.2427654,0.43006219,,,,,,3.491900991,0,,,0,0,,
Ireland,2020,5.56,2.96,69.1,0.9126,72.36728117,14.54433264,0.284123786,1.25,50,1,1.74,0.35,4.776937267,0,2264,5000,91779,91779,10.6,0.2
Ireland,2021,60.00424658,2.96,69.1,0.912,69.874,14.82906135,0.357092988,0.71,75,0.7,6.91,0.38,12.51824097,0,6084,6000,811840,811840,7.2,0.2
Ireland,2022,23.80009259,2.96,69.1,0.9283,69.874,14.82906135,0.320608387,0.99,100,0.85,25.74,0.4,2.5,0,8431,7000,1565970,1565970,3.6,0.3
Israel,2019,0,2.99,77.9,0.7786,418.3918669,11.67314007,8.743939741,,,,,,1.811358909,3,,,0,0,,
Israel,2020,58.04743169,2.99,77.9,0.7003,425.836414,11.80568929,8.367950219,1.03,50,0.83,-8.15,0.45,-3.863999473,3,3336,10000,423262,423262,-3.863999473,1
Israel,2021,60.19,2.99,77.9,0.7689,402.606,11.9301681,8.55594498,0.59,75,0.58,11.46,0.48,6.467707351,3,8259,12000,1390053,1390053,6.467707351,1.1
Israel,2022,37.66803738,2.99,77.9,0.7656,402.606,11.9301681,8.4619476,0.99,100,0.85,3.27,0.5,3,3,12064,14000,4145249,4145249,3.3,1.2
Italy,2019,0,3.18,67.9,0.6998,,23.021,4.793672218,,,,,,1.665736551,0,,,0,0,,
Italy,2020,82.41,3.18,67.9,0.7244,,23.021,4.726027378,3.23,100,2.58,10.2,0.35,-8.670919099,0,73604,150000,2107166,2107166,-8.597873461,0.4
Italy,2021,53.51,3.18,67.9,0.7114,,23.021,4.759849798,1.82,150,1.85,11.4,0.38,7.33584014,0,137247,170000,6125683,6125683,7.33584014,0.5
Italy,2022,18.29,3.18,67.9,0.722,,23.021,4.742938588,3.7,200,2.64,5.49,0.4,2,0,184792,190000,25143705,25143705,2.7,0.6
Jamaica,2019,0,1.7,54.8,0.6423,259.8128347,6.843835661,,,,,,,0.432912117,2,,,0,0,,
Jamaica,2020,78.7,1.7,54.8,0.6572,260.4280702,7.042547153,51.95621371,8.9,300,6.46,7.57,0.12,-10.39158965,2,302,1000,12827,12827,-10.39158965,15
Jamaica,2021,73.5349863,1.7,54.8,0.6643,266.879,7.236053966,52.01371767,4.62,400,4.55,6.2,0.14,4.167277268,2,2470,1200,94649,94649,4.167277268,16
Jamaica,2022,62.3959,1.7,54.8,0.6712,266.879,7.236053966,51.98496569,7.69,500,6.69,7.4,0.15,2.5,2,3463,2235,137396,137396,4.5,17
Japan,2019,0,13.05,58.4,0.8381,347.4156379,29.27981368,,,,,,,-0.100125011,3,,,0,0,,
Japan,2020,32.61333333,13.05,58.4,0.8215,346.3950617,29.58317845,5.5,1.03,50,0.83,1.32,0.5,-4.225555341,3,3414,31587,235749,235749,-4.225555341,0.1
Japan,2021,35.19,13.05,58.4,0.8458,347.778,29.78708991,5.1,0.59,75,0.58,0.2,0.53,2.089279405,3,18393,23300,1732752,1732752,2.089279405,0.1
Japan,2022,46.22648148,13.05,58.4,0.8578,347.778,29.78708991,4.8,0.99,100,0.85,3.4,0.55,2.5,3,56974,17732,8861399,8861399,2.4,0.1
Kazajistan,2019,0,4.5,44.3,0.4652,6.681,6.991,48.56078952,,,,,,3.16101154,3,,,0,0,,
Kazajistan,2020,73.15,4.5,44.3,0.4692,6.681,6.991,47.46578118,3.23,100,2.58,7.6,0.2,-3.751691999,3,2749,10377,201196,201196,-3.757983454,1.4
Kazajistan,2021,68.52,4.5,44.3,0.4959,6.681,6.991,48.01328535,1.85,150,1.82,1.44,0.22,2.648621825,3,18227,15195,1072518,1072518,2.648621825,1.3
Kazajistan,2022,5.6,4.5,44.3,0.4642,6.681,6.991,47.73953327,2.66,200,2.28,0.71,0.24,2,3,19058,13103,1488306,1488306,3.6,1.2
Kenia,2019,0,1.4,24.7,0.4107,87.324,2.686,93.69456111,,,,,,2.752123824,1,,,0,0,,
Kenia,2020,57.41,1.4,24.7,0.4109,87.324,2.686,93.69426365,8.09,150,6.46,3.4,0.07,-2.535856123,1,1667,25283,96458,96458,-2.471299332,43.1
Kenia,2021,53.78,1.4,24.7,0.4085,87.324,2.686,93.69441238,4.62,200,4.45,4.6,0.08,5.14275096,1,5376,35259,295028,295028,5.14275096,42.4
Kenia,2022,32.37,1.4,24.7,0.3736,87.324,2.686,93.69433802,7.69,250,6.6,4.1,0.09,3,1,5688,32945,342499,342499,4.7,41.7
Lesoto,2019,0,7.5,11.1,0.3763,73.562,4.506,92.90665503,,,,,,1.585560805,1,,,0,0,,
Lesoto,2020,36.11,7.5,11.1,0.3744,73.562,4.506,93.75331129,2,400,0.7,1.2,0.03,-10.33066867,1,64,107,3094,3094,-8.289676751,35.7
Lesoto,2021,42.45,7.5,11.1,0.3796,73.562,4.506,93.32998316,2.5,500,0.8,2.4,0.04,0.229150505,1,671,135,28408,28408,0.229150505,34.9
Lesoto,2022,31.71,7.5,11.1,0.3463,73.562,4.506,93.54164723,3,600,1,11.4,0.04,2.5,1,706,123,34490,34490,4,34.1
Letonia,2019,0,34.3,57.9,0.7993,31.212,19.754,6.258178004,,,,,,3.199320082,0,,,0,0,,
Letonia,2020,75,34.3,57.9,0.8065,31.212,19.754,6.693386136,1.76,50,1.41,3,0.15,-2.99644879,0,635,5066,13865,13865,-3.091924678,1.7
Letonia,2021,65,34.3,57.9,0.8184,31.212,19.754,6.47578207,0.99,75,1.01,4.2,0.17,5.441217335,0,4570,7850,103428,103428,5.441217335,1.6
Letonia,2022,60,34.3,57.9,0.8075,31.212,19.754,6.584584103,1.68,100,1.44,5.4,0.18,2,0,6165,6983,730608,730608,2.9,1.5
Lithuania,2019,0,6.56,63.5,0.8379,44.6205206,20.1774922,3.877157927,,,,,,4.850949754,0,,,0,0,,
Lithuania,2020,48.61,6.56,63.5,0.8357,44.63246567,20.42003832,5.066639228,1.76,50,1.41,14.02,0.2,-0.159159194,0,1800,4520,145052,145052,-0.159159194,1.2
Lithuania,2021,46.77284932,6.56,63.5,0.8525,45.135,20.59000582,4.471898578,0.71,75,0.7,3.1,0.22,4.987122852,0,7397,6534,521692,521692,4.987122852,1.1
Lithuania,2022,30.59881188,6.56,63.5,0.8374,45.135,20.59000582,4.769268903,0,100,0,3.4,0.24,2.5,0,9482,5753,1062819,1062819,2.8,1
Malawi,2019,0,1.3,12.7,0.3201,200.1202482,2.871059728,99.11383355,,,,,,2.699812282,1,,,0,0,,
Malawi,2020,60.19,1.3,12.7,0.3314,205.5267395,2.788998734,98.84634036,1,300,1.2,4.67,0.02,-1.840967838,1,189,1574,6583,6583,-1.840967838,50.1
Malawi,2021,42.25375342,1.3,12.7,0.3223,197.519,2.698272808,98.98008696,1.2,400,1.4,17.5,0.03,0.043866351,1,2355,2334,75828,75828,0.043866351,49.2
Malawi,2022,38.97453704,1.3,12.7,0.3525,197.519,2.698272808,98.91321366,1.4,500,1.6,7,0.03,3,1,2685,2094,85991,85991,4.9,48.3
Malta,2019,0,4.485,77.6,0.7794,1454.037,19.426,1.17108502,,,,,,1.780103596,0,,,0,0,,
Malta,2020,52.78,4.485,77.6,0.7453,1454.037,19.426,0.859044158,1.25,75,1,1,0.25,-10.75854707,0,219,713,12774,12774,-10.35315468,1.9
Malta,2021,43.52,4.485,77.6,0.7387,1454.037,19.426,1.015064589,0.71,100,0.7,2.2,0.28,9.088178157,0,477,1132,52473,52473,9.088178157,1.8
Malta,2022,44.69,4.485,77.6,0.7726,1454.037,19.426,0.937054374,1.18,125,1.02,19,0.3,2.5,0,815,993,116384,116384,3.3,1.7
Marruecos,2019,0,1.1,29.4,0.4515,80.08,6.769,65.75784633,,,,,,1.340397041,1,,,0,0,,
Marruecos,2020,74.07,1.1,29.4,0.4767,80.08,6.769,71.962229,3.67,150,2.93,6.4,0.15,-7.426651489,1,7355,15047,439193,439193,-7.426651489,1.7
Marruecos,2021,64.81,1.1,29.4,0.4726,80.08,6.769,68.86003766,2.1,200,2.06,1.7,0.17,7.3,1,14844,21588,963092,963092,2.5,1.6
Marruecos,2022,24.46,1.1,29.4,0.4622,80.08,6.769,70.41113333,3.5,250,3,8.8,0.18,3,1,16294,19577,1271595,1271595,3.8,1.5
Mexico,2019,0,1.38,41.7,0.4775,66.444,6.857,52.54720564,,,,,,-1.269321979,5,,,0,0,,
Mexico,2020,71.76,1.38,41.7,0.4657,66.444,6.857,52.0696408,6.5,100,1.87,4.2,0.1,-9.274229118,5,147623,235389,1426094,1426094,-9.134043843,6.3
Mexico,2021,44.44,1.38,41.7,0.4796,66.444,6.857,52.30842322,7,125,2.06,1.7,0.12,3.727622936,5,303822,300335,3979723,3979723,3.727622936,6.1
Mexico,2022,17.59,1.38,41.7,0.4988,66.444,6.857,52.18903201,7.5,150,1.92,6.6,0.13,2,5,331415,272860,7234467,7234467,3.1,5.9
Moldavia,2019,0,5.8,25.6,0.4455,123.655,10.864,45.0480591,,,,,,5.365698129,0,,,0,0,,
Moldavia,2020,57.41,5.8,25.6,0.4546,123.655,10.864,48.61854556,9.56,500,7.63,6,0.05,-7.4,0,3110,3891,144818,144818,-5.808098682,2.9
Moldavia,2021,56.48,5.8,25.6,0.4875,123.655,10.864,46.83330233,5.46,750,5.37,11.7,0.06,16.00605274,0,10269,5804,376155,376155,16.00605274,2.8
Moldavia,2022,17.19,5.8,25.6,0.4926,123.655,10.864,47.72592394,9.09,1000,7.8,8.4,0.07,2.5,0,11933,5083,596550,596550,3.2,2.7
Mongolia,2019,0,7,19.9,0.5032,2.075718988,4.123137102,66.20109663,,,,,,3.802940082,3,,,0,0,,
Mongolia,2020,71.3,7,19.9,0.49,2.115133618,4.260283183,65.20620963,9.56,250,7.63,-6.63,0.07,-6.104430814,3,1,82,1195,1195,-6.104430814,2.1
Mongolia,2021,58.84810959,7,19.9,0.4846,1.98,4.418715971,65.70365313,5.46,350,5.37,20.6,0.08,-0.132315991,3,1986,110,693119,693119,-0.132315991,2
Mongolia,2022,16.47697248,7,19.9,0.5195,1.98,4.418715971,65.45493138,9.09,450,7.8,6.2,0.09,3.5,3,2136,98,925073,925073,3.5,1.9
Netherlands,2019,0,3.32,91.3,0.9366,515.1432729,19.31906629,0.762967864,,,,,,1.289889121,0,,,0,0,,
Netherlands,2020,49.15216438,3.32,91.3,0.9281,518.013068,19.64706302,0.713726279,1.9,25,0.5,1.8,0.45,-4.331592046,0,11296,17939,816565,816565,-4.331592046,0.2
Netherlands,2021,75,3.32,91.3,0.9281,508.544,19.95142413,0.738347072,2,50,0.4,-7.75,0.48,4.485334432,0,20884,24652,3171094,3171094,4.485334432,0.2
Netherlands,2022,43.24074766,3.32,91.3,0.9512,508.544,19.95142413,0.726036676,2.1,75,0.4,2.4,0.5,2,0,22990,22643,8183189,8183189,3.1,0.2
New Zealand,2019,0,2.61,84.5,0.9625,18.91003,15.26989934,,,,,,,0.57930066,0,,,0,0,,
New Zealand,2020,22.22,2.61,84.5,0.9739,19.33158634,15.57840749,0.762967864,1.4,25,0.6,-5.85,0.3,-3.406009042,0,25,25,2162,2162,-3.406009042,0.1
New Zealand,2021,45.16263014,2.61,84.5,0.9701,18.206,15.92826325,0.713726279,1.5,50,0.5,2.6,0.33,3.984924787,0,51,57,14255,14255,3.984924787,0.1
New Zealand,2022,59.7825,2.61,84.5,0.9789,18.206,15.92826325,0.738347072,1.6,75,0.5,3.8,0.35,2.5,0,2331,48,1178816,1178816,3.5,0.1
Nicaragua,2019,0,0.9,42,0.3522,51.667,5.445,0.726036676,,,,,,-4.955918716,2,,,0,0,,
Nicaragua,2020,8.13,0.9,42,0.285,51.667,5.445,69.10246863,9.56,500,7.63,5.6,0.05,-1.300000154,2,165,2094,4829,4829,-2.961357916,15.1
Nicaragua,2021,8.33,0.9,42,0.2728,51.667,5.445,65.96442844,5.46,750,5.37,75.3,0.06,9.063653505,2,217,3077,13563,13563,9.063653505,14.6
Nicaragua,2022,13.89,0.9,42,0.242,51.667,5.445,67.53344853,9.09,1000,7.8,8,0.07,2,2,245,2828,15365,15365,4.2,14.1
Niger,2019,0,0.3,5.8,0.2739,18.5074548,2.436368746,98.30256931,,,,,,1.997062626,1,,,0,0,,
Niger,2020,31.48,0.3,5.8,0.2995,19.2102621,2.435611921,97.94195848,9.56,750,7.63,10.4,0.01,-0.253615444,1,101,2012,3323,3323,-0.253615444,80.2
Niger,2021,24.88794521,0.3,5.8,0.3208,16.955,2.41935305,98.12226389,5.47,1000,5.37,3.6,0.01,-2.375121496,1,274,2777,7438,7438,-2.375121496,79.2
Niger,2022,16.67,0.3,5.8,0.3169,16.955,2.41935305,98.03211119,9.09,1250,7.8,4.8,0.01,2.5,1,314,2548,9031,9031,4.4,78.2
Norway,2019,0,3.6,95.4,0.9433,14.6479975,17.39638278,0.736065211,,,,,,0.067992626,0,,,0,0,,
Norway,2020,41.72601093,3.6,95.4,0.9345,14.76721523,17.72992649,0.681807257,0.5,25,0.18,1,0.5,-1.300000154,0,436,1353,49567,49567,-1.300000154,0.1
Norway,2021,38.89,3.6,95.4,0.9239,14.462,18.09832869,0.708936234,0.25,50,0.14,8.79,0.53,3.368398954,0,1394,1871,396415,396415,3.368398954,0.1
Norway,2022,23.60194444,3.6,95.4,0.9368,14.462,18.09832869,0.695371746,0,75,0.12,3.4,0.55,2,0,4802,1688,1433986,1433986,3.2,0.1
Peru,2019,0,1.6,27.1,0.5635,25.64442266,8.161664541,47.60033359,,,,,,0.601543694,2,,,0,0,,
Peru,2020,67.49572603,1.6,27.1,0.5617,26.01934063,8.252534563,61.90692128,1.76,150,1.41,5.8,0.1,-12.19876201,2,93066,202817,1015137,1015137,-12.19876201,7.5
Peru,2021,75.93,1.6,27.1,0.574,25.129,8.320642943,54.75362743,1.01,250,0.99,81.79,0.12,12.03261345,2,202584,252350,2301177,2301177,12.03261345,7.3
Peru,2022,61.1031,1.6,27.1,0.5444,25.129,8.320642943,58.33027436,2.23,350,1.93,8.2,0.13,3,2,218178,235335,3581524,3581524,4,7.1
Philippines,2019,0,1,25.4,0.5215,370.1941979,5.072536412,77.35602388,,,,,,4.680376447,3,,,0,0,,
Philippines,2020,66.27030055,1,25.4,0.4738,376.2651407,5.222187319,79.80679304,2.8,100,2.23,7,0.1,-10.7275099,3,9230,56111,474064,474064,-10.7275099,19.3
Philippines,2021,68.3840274,1,25.4,0.4723,351.873,5.326165727,78.58140846,1.6,150,1.57,8.2,0.12,4.3078688,3,51373,78349,2847486,2847486,4.3078688,18.8
Philippines,2022,78.24,1,25.4,0.4414,351.873,5.326165727,79.19410075,2.66,200,2.28,-4.28,0.13,2.5,3,65309,71949,3690889,3690889,3.9,18.3
Portugal,2019,0,3.39,54.8,0.8065,112.2885828,22.02147674,4.279809414,,,,,,2.658392093,0,,,0,0,,
Portugal,2020,54.24833333,3.39,54.8,0.8116,112.406676,22.29672559,4.822940739,3.23,150,2.58,2,0.25,-8.53864532,0,6840,17951,413678,413678,-8.53864532,1
Portugal,2021,61.06509589,3.39,54.8,0.8125,112.371,22.56067311,4.551375077,1.85,250,1.82,-4.15,0.28,4.85736102,0,18935,24667,1412936,1412936,4.85736102,0.9
Portugal,2022,35.19,3.39,54.8,0.8333,112.371,22.56067311,4.687157908,2.28,350,2.66,-4.15,0.3,2,0,25795,22658,4717243,4717243,2.6,0.8
Rumania,2019,0,6.892,48.3,0.702,85.129,17.85,19.90995997,,,,,,4.73858787,0,,,0,0,,
Rumania,2020,76.85,6.892,48.3,0.6949,85.129,17.85,26.04023805,3.23,125,2.58,14.3,0.15,-3.504430231,0,15596,65213,632263,632263,-3.177478128,1.8
Rumania,2021,52.78,6.892,48.3,0.7056,85.129,17.85,22.97509901,1.85,175,1.82,5.8,0.17,6.668283983,0,58714,91007,1808891,1808891,6.668283983,1.7
Rumania,2022,11.11,6.892,48.3,0.6518,85.129,17.85,24.50766853,3.07,225,2.64,7,0.18,2.5,0,67374,83548,3308480,3308480,2.2,1.6
Samoa,2019,0,30.7,12.7,0.6291,69.413,8.4,,,,,,,3.868762579,4,,,0,0,,
Samoa,2020,10,30.7,12.7,0.6588,69.413,8.7,67.13369659,1,1000,1.4,1,0.02,-3.239176189,4,1,11,"1,482",1,-3.236475806,2.9
Samoa,2021,8,30.7,12.7,0.6613,69.413,8.9,67.14778773,2,1100,1.2,2.2,0.03,-8.874948283,4,11,17,"2,382",1567,-8.874948283,2.8
Samoa,2022,65,30.7,12.7,0.672,69.413,9.2,67.14074216,3,1200,1,0.2,0.03,2.5,4,29,14,"4,023",16763,5.9,2.7
San tome y principe,2019,0,2.9,6.9,0.3635,212.841,2.886,90.0200447,,,,,,0.302078271,1,,,0,0,,
San tome y principe,2020,10,2.9,6.9,0.3308,212.841,2.886,93.4855584,3,1200,0.9,0.6,0.01,1.155038083,1,17,1,6575,6575,1.155038083,45.2
San tome y principe,2021,8,2.9,6.9,0.3582,212.841,2.886,91.75280155,4,1300,0.8,1.8,0.01,-0.115552193,1,57,2,12300,12300,-0.115552193,44.4
San tome y principe,2022,75,2.9,6.9,0.4013,212.841,2.886,92.61917997,5,1400,0.7,0.4,0.01,3,1,77,2,23200,23200,5.7,43.6
Santa Lucia,2019,0,1.3,22.3,0.7025,293.187,9.721,,,,,,,-0.558717237,5,,,0,0,,
Santa Lucia,2020,70,1.3,22.3,0.6961,293.187,9.721,22.4,2,1400,4.5,0.8,0.12,-20.7352861,5,5,15,100,100,-20.73528624,1.4
Santa Lucia,2021,70,1.3,22.3,0.6858,293.187,9.721,21.8,3,1500,5,2.4,0.14,6.153046259,5,295,20,11164,11164,6.153046259,1.3
Santa Lucia,2022,75,1.3,22.3,0.7278,293.187,9.721,21.2,4,1600,5.5,1.2,0.15,2.5,5,409,18,15665,15665,5.4,1.2
Senegal,2019,0,10.9,18.7,0.4029,82.328,3.008,88.0007721,,,,,,1.775988694,1,,,0,0,,
Senegal,2020,43.52,10.9,18.7,0.4424,82.328,3.008,91.98632261,5.59,125,5.22,3.6,0.05,-1.213341926,1,402,9415,19140,19140,-1.38294226,45.8
Senegal,2021,26.85,10.9,18.7,0.4533,82.328,3.008,89.99354736,3.02,150,2.97,4.8,0.06,3.274289805,1,1890,12445,75055,75055,3.274289805,45
Senegal,2022,19.44,10.9,18.7,0.4568,82.328,3.008,90.98993498,5.31,175,4.21,1.4,0.07,2,1,1968,11395,88900,88900,4.5,44.2
Serbia,2019,0,5.609,26.5,0.5419,80.291,17.366,27.45247901,,,,,,4.893094256,0,,,0,0,,
Serbia,2020,27.78,5.609,26.5,0.5454,80.291,17.366,26.74005324,5.29,150,4.22,7.3,0.2,-0.413904468,0,3163,3341,337923,337923,-0.282578515,1.6
Serbia,2021,28.7,5.609,26.5,0.5491,80.291,17.366,27.09626613,2.52,200,2.48,3.4,0.22,8.253019752,0,12688,4431,1299339,1299339,8.253019752,1.5
Serbia,2022,36.11,5.609,26.5,0.514,80.291,17.366,26.91815969,4.21,250,3.62,23.86,0.24,2.5,0,17515,4003,2446253,2446253,2.9,1.4
Seychelles,2019,0,3.6,28.5,0.576,212.2282609,7.40089583,15.16428222,,,,,,2.176192931,1,,,0,0,,
Seychelles,2020,31.48,3.6,28.5,0.586,214.0478261,7.638112385,18.16928231,1,2000,2.7,-43.72,0.15,-11.5294348,1,10,10,226,226,-8.507936314,0.5
Seychelles,2021,70.93257534,3.6,28.5,0.6157,208.354,7.889039687,16.66678226,2,2100,2.8,.6.8,0.17,1.08717067,1,126,15,24788,24788,1.08717067,0.5
Seychelles,2022,64.42494624,3.6,28.5,0.69,208.354,7.889039687,17.41803229,3,2200,2.9,0.8,0.18,3,1,172,12,44016,44016,5.5,0.5
Singapore,2019,0,2.4,95.4,0.8234,7965.878492,12.19557804,,,,,,,-0.054554857,3,,,0,0,,
Singapore,2020,50.93,2.4,95.4,0.815,7918.951253,13.15419909,0.762967864,0.1,40,0.19,-6.07,0.7,-3.843656456,3,29,35,58599,58599,-3.843656456,0.1
Singapore,2021,49.98528767,2.4,95.4,0.8086,7915.731,14.12598811,0.713726279,0.2,35,0.15,0.4,0.73,12.19672081,3,827,57,279861,279861,12.19672081,0.1
Singapore,2022,58.47485149,2.4,95.4,0.8063,7915.731,14.12598811,0.738347072,0.3,30,0.13,0.6,0.75,2.5,3,1711,48,1310616,1310616,3.4,0.1
Slovakia,2019,0,5.82,77.7,0.7238,113.4389975,16.31628897,0.726036676,,,,,,2.466609371,0,,,0,0,,
Slovakia,2020,2.78,5.82,77.7,0.7296,113.5363353,16.82418459,5.015326356,1.25,25,1,1.6,0.2,-4.440749635,0,2138,5215,274603,274603,-3.757983454,0.5
Slovakia,2021,53.532,5.82,77.7,0.7355,113.128,17.2284439,5.628022354,0.71,20,0.7,2.8,0.22,3.239477253,0,16635,7273,1374354,1374354,2.648621825,0.5
Slovakia,2022,46.25575,5.82,77.7,0.721,113.128,17.2284439,5.321674355,1.18,15,1.02,-3.72,0.24,2,0,20823,6533,2542970,2542970,2.7,0.5
Slovenia,2019,0,4.5,68.2,0.752,103.7119346,19.69069547,0.351880973,,,,,,2.534090905,0,2984,,0,0,,
Slovenia,2020,50.01825137,4.5,68.2,0.7598,104.4088814,20.10099918,0.419657476,2.35,100,1.87,1.4,0.25,-4.868547157,0,,1854,122152,122152,-4.868547157,0.3
Slovenia,2021,51.8230411,4.5,68.2,0.7749,102.619,20.50094614,0.385769224,1.01,125,0.99,2.6,0.28,7.879139046,0,6129,2489,465711,465711,7.879139046,0.3
Slovenia,2022,22.22,4.5,68.2,0.767,102.619,20.50094614,0.40271335,1.68,150,1.44,4.24,0.3,2.5,0,8847,2289,1025656,1025656,2.6,0.3
South Korea,2019,0,12.27,94.6,0.8131,530.3772746,15.0656922,2.747920537,,,,,,1.8889146,3,,,0,0,,
South Korea,2020,49.42956284,12.27,94.6,0.8379,531.1090061,15.82906932,2.996851303,4,21.98,0.8,2.8,0.5,-0.988631819,3,900,2074,61769,61769,-0.988631819,0.2
South Korea,2021,51.42364384,12.27,94.6,0.8405,527.967,16.65076472,2.87238592,5,19.11,0.7,4,0.53,4.204822748,3,5563,2115,639083,639083,4.204822748,0.2
South Korea,2022,40.74,12.27,94.6,0.8012,527.967,16.65076472,2.934618612,6,18.34,0.6,38.04,0.55,2.5,3,32156,2153,18129313,18129313,3.2,0.2
Kyrgyzstan,2019,0,4.5,16.4,0.3824,33.66110532,4.157223929,86.39897281,,,,,,2.439335207,3,,,0,0,,
Kyrgyzstan,2020,64.35,4.5,16.4,0.42,34.30604797,4.267982532,88.16839189,3,2250,1.5,6.6,0.1,-10.12044553,3,1355,2284,81034,81034,-10.12044553,3.1
Kyrgyzstan,2021,48.94528767,4.5,16.4,0.424,32.333,4.385251963,87.28368235,4,2350,1.8,7.8,0.12,1.841515114,3,2802,3423,184748,184748,1.841515114,2.9
Kyrgyzstan,2022,41.83333333,4.5,16.4,0.4144,32.333,4.385251963,87.5,5,2450,2.2,4,0.13,3.5,3,2991,2607,200993,200993,3.7,2.8
Suriname,2019,0,3.1,27.7,0.3884,3.848083333,6.931278585,,,,,,,0.163586538,5,,,0,0,,
Suriname,2020,70.37,3.1,27.7,0.432,3.891442308,7.114806487,42.1,9.56,1200,8,-15.05,0.04,-16.66353165,5,120,143,6210,6210,3.1,2.2
Suriname,2021,73.39357143,3.1,27.7,0.407,3.612,7.266170678,41.5,8.39,1400,8,1,0.05,-4.320904583,5,1189,212,52612,52612,3.5,2.1
Suriname,2022,55.52861702,3.1,27.7,0.4087,3.612,7.266170678,40.9,13.98,1600,12,1.2,0.05,2.5,5,1393,189,80547,80547,4.8,2
Suecia,2019,0,10.9,85.9,0.937,24.718,19,1.372846069,,,,,,0.957561656,0,,,0,0,,
Suecia,2020,6,10.9,85.9,0.9394,24.718,20.1,1.753858899,1,25,0.21,1,0.5,-3.646997137,0,9616,15208,146158,146158,-3.643079592,0.1
Suecia,2021,16,10.9,85.9,0.9311,24.718,20.2,1.563352484,1.2,20,0.17,2.2,0.53,4.173074337,0,15335,21,781583,781583,4.173074337,0.1
Suecia,2022,11.11,10.9,85.9,0.9313,24.718,20.3,1.658605691,1.4,15,0.15,4.2,0.55,2,0,22288,19149,2709830,2709830,3.1,0.1
Turkmenistan,2019,0,7.4,1.9,0.056,12.253,4.277,,,,,,,4.668637453,3,,,0,0,,
Turkmenistan,2020,8,7.4,1.9,0.0738,12.253,4.277,30,1,2000,2.5,4.8,0.1,-6.1,3,1028,1281,8104,1,-2.4,1.5
Turkmenistan,2021,10,7.4,1.9,0.0539,12.253,4.277,32,1.2,2100,3,1.5,0.12,6.8,3,548,2040,12133,1,3.6,1.4
Turkmenistan,2022,66.67,7.4,1.9,0.1252,12.253,4.277,34,1.4,2200,3.5,7.2,0.13,5,3,276,1722,14201,1,3.5,1.3
Timor-Leste,2019,0,5.9,1.4,0.3031,86.10880968,5.429199004,95.7885934,,,,,,17.21141038,3,,,0,0,,
Timor-Leste,2020,31.83092896,5.9,1.4,0.263,87.42400807,5.372059123,97.05777197,2,2200,0.8,1.8,0.01,8.252053137,3,11,25,44,44,8.252053137,40.6
Timor-Leste,2021,58.78561644,5.9,1.4,0.2938,87.176,5.285356965,96.42318268,2.2,2300,1.1,2.1,0.01,2.424215621,3,122,38,19839,19839,2.424215621,39.9
Timor-Leste,2022,36.11,5.9,1.4,0.2994,87.176,5.285356965,96.74047733,2.4,2400,1.4,0.2,0.01,3,3,138,33,22916,22916,5.1,39.2
Trinidad and Tobago,2019,0,3,53.8,0.5296,296.2875244,10.12776694,,,,,,,-0.538413534,5,,,0,0,,
Trinidad and Tobago,2020,60.19,3,53.8,0.5257,295.9350877,10.67442744,45.59679116,3.67,2400,2.93,11.5,0.12,-7.673575137,5,126,400,7150,7150,-3.1,1.2
Trinidad and Tobago,2021,70.74245902,3,53.8,0.5515,266.886,11.10061658,43.73903562,2.1,2500,2.06,4.2,0.14,-1.259271741,5,2825,577,92201,92201,2.3,1.1
Trinidad and Tobago,2022,51.62074766,3,53.8,0.574,266.886,11.10061658,44.66791339,4.21,2600,3.61,5.4,0.15,2.5,5,4283,5,161790,161790,4.3,1
United States of America,2019,0,2.77,80.5,0.9103,35.89317567,15.79180083,2.246787082,,,,,,1.824124482,5,,,0,0,,
United States of America,2020,62.5,2.77,80.5,0.9,36.23984468,16.22340015,2.372703863,2,15,0,14.72,0.4,-4.328617754,5,352004,351000,20191316,20191316,-4.328617754,2.3
United States of America,2021,57.7230137,2.77,80.5,0.894,35.608,16.67889549,2.309745472,2.2,20,0,9.2,0.43,5.546087223,5,819055,579000,55024443,55024443,5.546087223,2.2
United States of America,2022,56.85113402,2.77,80.5,0.8776,35.608,16.67889549,2.341224668,2.4,25,0,10.4,0.45,2,5,1082456,671000,84449947,84449947,2.7,2.1
Uzbekistan,2019,0,4,10.6,0.228,76.134,4.469,99.78672423,,,,,,3.744517567,3,,,0,0,,
Uzbekistan,2020,42.59,4,10.6,0.274,76.134,4.469,99.71433335,6.61,2600,5.28,5.8,0.15,-0.221646203,3,614,11603,77060,77060,-0.053436006,2.1
Uzbekistan,2021,39.81,4,10.6,0.323,76.134,4.469,99.75052879,3.78,2700,3.72,13.32,0.17,5.318632477,3,1485,16614,198903,198903,5.318632477,2
Uzbekistan,2022,5.56,4,10.6,0.288,76.134,4.469,99.73243107,6.29,2800,5.4,8.2,18,2.5,3,1637,14265,249217,249217,3.3,1.9
Zambia,2019,0,2,15.4,0.3575,22.995,2.48,95.07470996,,,,,,-1.451364465,1,,,0,0,,
Zambia,2020,50.93,2,15.4,0.3636,22.995,2.48,95.68720977,17.63,750,14.08,3.6,0.03,-5.550283259,1,386,6335,20725,20725,-5.550283259,58.7
Zambia,2021,50.93,2,15.4,0.363,22.995,2.48,95.38095987,10.07,850,9.91,2.5,0.05,0.634881724,1,3730,9344,254274,254274,0.634881724,58
Zambia,2022,8.33,2,15.4,0.304,22.995,2.48,95.53408482,16.78,950,14.39,6,0.03,3,1,4023,7922,334425,334425,4.3,57
Inglaterra,2020,79.63,2.24,72,0.9301,272.898,18.3,1.544759998,0.73,172.6,0.58,16,0.45,-9.9,0,75239,175245,2102109,2102109,-9.601340319,1
Inglaterra,2021,44.06,2.24,73,0.9219,272.898,18.7,1.58558636,0.51,100,0.5,10.5,0.48,7.5,0,149927,155245,3800000,3800000,7.049388486,1
Inglaterra,2022,5.56,2.24,74,0.9107,272.898,19.2,1.565173179,0.84,19.57,0.72,7.5,0.5,3.8,0,200862,13914,5500000,5500000,3,1
